url_length,has_https,has_at_symbol,num_dots,num_digits,num_subdomains,has_ip_address,url_entropy,label
112,0,0,9,2,2,0,3.2648646095396967,0
189,1,1,6,13,4,0,2.8980954861406834,1
102,0,1,1,11,2,1,0.11109241012790205,1
24,0,1,4,12,3,1,4.942699935228533,1
116,1,1,1,12,1,1,0.20714044409693877,1
81,1,1,6,1,0,1,4.839013688242425,1
198,0,1,4,12,4,0,2.749320891821991,1
30,0,1,3,12,3,1,4.815795135325333,1
112,1,0,3,2,0,0,0.5737679970691772,0
131,0,1,9,10,0,1,2.452042595927566,1
84,1,0,6,5,4,1,0.8475204593302932,1
97,1,1,9,1,3,1,0.25487438511221205,1
126,1,1,5,7,0,0,3.0876455753115577,1
109,1,0,2,0,0,0,1.0389171048084571,0
113,0,1,8,6,3,0,2.93848509143773,1
161,1,1,5,1,2,0,0.5618224097449281,0
140,0,0,2,9,0,1,1.6599323571635138,1
159,1,1,4,11,1,0,3.908162790266236,1
62,0,1,9,5,3,0,2.185257609210938,1
11,1,1,4,11,0,1,3.138727074486682,1
97,0,0,4,1,4,1,3.23728970372773,1
167,0,1,2,1,1,0,4.218775219936468,1
47,1,1,6,9,0,1,1.6246139720332065,1
139,1,1,2,12,1,0,3.436477812912588,1
197,1,1,7,7,1,1,4.808079035230828,1
30,1,0,3,14,2,0,3.6512166717893404,0
170,0,0,3,14,1,0,2.4493523835887228,0
67,1,1,5,11,2,0,3.153587222459646,1
31,0,1,3,1,3,0,3.6984144888155406,1
98,0,0,2,6,2,0,3.061378828469362,0
58,1,0,9,2,4,1,0.08337906744919577,0
68,0,1,2,7,0,0,0.9738674884361292,0
179,0,0,2,6,3,0,4.05234108607733,1
197,0,1,8,13,3,0,1.3632532365624233,1
24,0,0,9,7,4,0,3.6578105978056694,1
199,1,0,7,13,2,0,1.8606010762084935,0
199,1,0,3,6,0,1,2.6094216407897157,0
184,1,0,9,10,2,1,0.3398664990970185,1
199,1,1,3,5,1,0,0.9061278052485477,0
60,0,0,5,12,2,1,4.785984817596173,1
117,0,0,9,6,3,0,4.45069026723457,1
64,1,1,3,4,0,1,3.261375554495251,1
73,1,0,7,6,2,1,2.2982229869286868,0
140,1,0,1,0,0,0,3.378806464476119,0
60,0,1,4,0,0,1,3.093051445469695,1
144,1,0,4,8,1,1,2.8427612780230604,0
30,1,1,7,13,1,0,0.2958853593177091,0
82,1,1,8,4,3,0,3.1640130533075346,1
176,0,1,1,12,4,1,3.844600222855842,1
27,0,1,5,4,0,1,4.970408273227878,1
141,0,0,7,2,4,1,0.05539276297154838,1
98,0,1,4,4,3,0,3.6508672665533832,1
69,0,0,4,2,0,1,2.8589465796799023,0
23,0,0,4,8,0,1,2.1702608804047836,0
18,0,0,6,8,4,1,0.6378508728568544,1
99,0,0,7,5,2,0,2.045425743174381,0
62,1,0,2,14,1,0,1.7718859149306765,0
139,1,0,5,0,2,0,1.514149444893711,0
93,0,0,4,6,4,0,3.6543981166110386,1
101,0,0,3,6,1,1,3.503627606421319,1
120,1,0,7,13,2,0,2.9451004549045576,0
197,0,0,6,9,1,1,4.693324066466861,1
181,0,1,7,9,0,1,1.7492719209042722,1
17,0,1,5,3,2,1,1.2190096885508979,1
184,1,1,6,7,1,1,3.2795165654919978,1
44,1,0,5,5,1,0,0.9940703046870147,0
90,1,1,7,3,1,0,1.575052535917123,0
173,1,1,2,3,2,0,1.1230122003744243,0
59,1,1,5,1,3,0,0.34576783859250615,0
113,0,0,6,13,2,0,4.137493708178367,1
141,1,0,6,1,4,1,1.2727027146083059,1
11,0,0,5,11,2,0,2.3651375167151034,0
143,0,0,7,13,1,0,0.21657636627155974,0
63,1,1,8,3,0,0,3.4966973312632152,0
115,1,1,7,4,2,0,1.652805011531454,0
13,0,1,5,7,2,1,3.7236836391460497,1
63,0,1,1,14,1,1,2.0620153023393306,1
155,0,0,5,5,0,1,0.9787780320281231,1
53,1,0,2,13,0,1,2.5658754114101794,0
171,1,0,5,14,4,1,0.6525227981871989,1
199,1,1,5,3,2,0,2.2026957993649736,0
23,1,0,2,12,0,1,1.5865273871024326,0
104,1,0,5,10,0,1,4.559797920998166,1
57,0,1,4,6,3,1,0.30464360860359974,1
24,1,1,1,7,3,0,3.4700870705287103,1
199,0,0,3,1,0,0,0.9137558299371795,0
49,0,0,1,11,4,1,1.5952253716611993,1
91,0,0,5,6,0,0,2.0775703153103295,0
120,1,0,4,14,1,0,4.540075446874871,0
62,1,0,7,13,2,1,1.2128913303691258,0
33,1,0,5,1,4,0,0.4565440127233511,0
163,0,1,4,1,1,0,1.593448019952618,0
197,0,1,2,7,4,0,0.5233798526776667,1
133,0,1,4,1,1,1,0.6429824298027625,1
50,0,0,2,14,2,1,2.8692529898751333,0
166,0,1,8,10,2,1,0.3045096654974666,1
24,0,0,3,8,3,0,0.15465440696783017,0
54,1,0,9,11,1,1,3.572070507352489,1
74,1,1,4,0,3,0,1.8082354742052225,0
98,1,0,6,14,1,0,0.6268767461693664,0
80,1,0,5,8,3,0,1.2680638542985412,0
18,0,1,1,14,2,1,3.2104325367619952,1
97,0,1,9,0,4,1,1.3776828357042559,1
138,1,1,1,9,3,1,2.4726056256020397,1
145,0,0,8,12,1,1,0.6084765336333614,1
72,1,1,9,9,1,0,2.9404681880272348,0
148,1,1,9,1,2,1,1.5803884192163205,1
90,1,0,1,5,1,0,3.134842172643583,0
145,0,1,2,5,0,1,4.041974411520115,1
172,1,1,1,0,4,1,3.058232096949962,1
172,1,1,2,6,3,1,1.4787378129751034,1
42,1,0,8,7,4,0,1.278718507741502,0
132,0,0,5,1,2,0,1.63710479366724,0
14,0,0,7,7,3,0,0.8231025661825242,0
50,1,0,2,8,3,0,0.9058592542501004,0
37,0,1,8,5,0,0,3.9534555095008397,1
144,0,0,6,4,2,1,1.9236628825372248,1
81,0,0,8,11,1,0,2.179975902852929,0
21,0,1,1,8,0,0,2.9702473278340555,0
171,0,1,1,12,0,0,2.948267475757738,1
42,0,1,7,11,4,0,0.33688435760962865,1
57,0,0,8,10,4,1,4.157703931688328,1
160,0,0,3,8,4,0,0.8866327661196971,0
71,0,0,5,0,0,1,3.6153581802483443,1
46,0,1,1,10,1,1,3.863354940640833,1
108,1,1,7,2,3,1,3.5744976704565685,1
181,1,0,5,8,4,0,2.894888232770726,0
113,0,1,8,10,1,1,0.0730449855444143,1
44,1,1,8,1,2,0,1.8018774618158533,0
110,1,1,9,11,4,0,3.024197146812906,1
184,0,0,7,3,3,0,1.9372564796126934,0
140,0,1,1,3,2,0,4.317399474564065,1
10,0,1,3,1,2,0,1.5440113767480768,0
14,1,0,8,14,3,1,1.4676739622933022,1
151,1,0,3,2,4,1,1.3299884654632899,0
112,0,1,8,12,0,0,1.6639043448039774,1
36,0,1,1,2,3,1,2.787024821570936,1
146,0,0,5,0,3,0,3.535076471362954,1
24,1,0,4,5,3,1,3.3128395886939255,0
99,1,1,5,7,2,1,4.038589099907398,1
51,1,1,8,11,1,1,4.429569977487125,1
133,1,1,4,2,0,1,4.080395211716756,1
188,0,1,4,4,4,1,0.09472701687177287,1
72,0,0,3,0,4,0,3.6795897677599436,0
105,0,1,7,9,1,0,1.041997868091658,1
61,0,1,3,6,3,1,0.6646402135399132,1
105,1,0,3,9,0,0,3.1924439239956777,0
141,1,1,5,12,4,1,1.5987159770384745,1
160,0,0,5,0,4,0,0.2855858168522163,0
152,0,1,6,11,3,1,0.6881486719918067,1
180,1,1,8,10,1,1,0.004647084349805319,1
38,0,0,6,8,0,1,4.516118136723536,1
45,1,0,1,7,1,0,0.12308991920619294,0
22,0,1,8,6,1,0,1.0472788475475552,1
169,0,1,8,9,0,1,2.0813139034395367,1
80,0,1,9,14,0,1,1.7828566297540953,1
196,0,0,9,6,4,0,4.558629384563878,1
95,0,1,2,4,4,0,0.20144472867271057,1
37,0,0,2,4,0,0,2.5610735383852576,0
75,0,0,3,10,2,0,3.40239731262187,0
179,1,1,1,12,4,0,4.6584898684058444,1
54,1,0,4,4,2,1,3.101856260618605,0
71,1,1,4,0,0,0,4.018776180058813,0
194,1,1,9,7,4,1,0.418624689226742,1
143,1,1,9,11,1,1,1.9296975546846369,1
37,0,1,9,10,0,0,1.8697356723953373,1
37,0,1,7,0,3,0,4.431441082278588,1
117,1,0,2,3,2,1,0.7568558563163746,0
53,0,0,5,14,0,0,0.7594308616831513,0
93,1,1,4,8,0,1,1.6427907494289924,1
39,1,1,8,13,4,0,0.2723302368341879,1
199,0,0,2,8,4,0,0.9122902032624502,0
84,0,0,6,4,4,0,4.826048192728676,1
137,0,0,5,3,3,1,2.140919699335864,1
101,1,0,2,2,4,0,3.160096042112182,0
199,0,1,1,2,0,1,3.6305562967231846,1
138,1,1,8,11,4,0,1.8348070350360024,1
130,1,0,2,4,1,1,0.7361353720525848,0
36,1,1,7,9,4,0,1.032905081108904,1
199,0,0,9,0,3,1,1.5663323829030518,1
130,0,1,9,4,1,1,3.1803421017611284,1
125,1,0,8,5,0,1,1.991402745445272,0
12,0,1,9,6,0,1,0.0340734895006406,1
112,0,0,2,11,2,1,2.617035925337359,1
164,0,0,6,8,1,1,4.607566959537089,1
146,1,1,4,2,2,0,4.060388055043395,0
71,1,0,4,14,1,1,4.126056856298155,0
174,0,1,5,1,1,1,3.975290088030656,1
60,1,1,3,13,3,1,1.6186541280521183,1
181,0,0,1,2,2,0,3.8259691687719597,0
161,0,1,8,11,3,0,0.715806789055965,1
68,0,1,5,8,1,0,3.2885807363797674,1
127,0,1,3,11,0,1,3.207842833424972,1
169,1,1,7,6,1,0,0.12784899544867334,1
105,1,1,7,8,3,0,3.939850667954658,1
189,1,0,1,12,2,1,4.516240525475653,1
122,0,1,9,1,2,1,1.3370763923605384,1
71,0,1,2,4,3,0,4.061953620930755,1
195,0,1,5,12,2,1,0.412029859309741,1
61,1,1,5,3,4,1,2.9998392913053302,1
21,0,1,8,14,0,1,2.4282343266713857,1
48,1,0,8,1,0,1,2.729617666545,0
139,1,1,7,8,0,0,4.631026009421725,1
140,1,0,7,8,2,1,4.356576236234267,1
122,1,0,6,5,2,0,3.925418286198785,0
110,1,0,6,10,1,0,1.3684922883918549,0
122,1,0,9,5,1,0,4.5590931434304585,0
193,0,1,6,7,0,0,0.48753846231937625,1
90,0,0,2,5,4,1,4.2666460827939385,1
196,1,0,2,0,1,1,1.640800361768039,0
122,1,1,5,3,1,1,0.26886155830991687,1
11,0,1,4,12,2,0,3.3467849212037413,1
139,1,1,2,6,4,0,1.1563996415797773,1
63,1,0,3,12,0,0,1.2178556293231595,0
96,0,1,7,12,1,1,1.5302358311438575,1
138,1,1,8,1,4,0,0.31842383751258363,1
156,1,0,6,8,4,1,0.8856357209912702,1
135,1,1,5,7,0,1,0.025698137927801512,1
139,0,1,1,7,4,1,2.227047605528934,1
62,0,1,8,6,4,1,0.42127688708985644,1
181,0,1,3,3,4,0,3.413263025220995,1
169,1,0,6,1,1,1,1.178114255958242,0
169,1,1,3,2,0,0,4.717870720175886,0
77,0,1,7,11,4,1,4.356258136993263,1
192,1,0,7,5,4,0,1.4472044748410413,0
193,1,1,9,11,1,0,3.9160772732833937,1
132,1,0,5,11,0,1,4.0162245233240315,1
154,1,1,8,4,2,1,4.932815570572052,1
47,1,0,8,11,1,1,2.9891999342284246,0
33,0,0,1,7,0,0,0.40982867321831096,0
78,1,0,5,5,4,1,3.234186144631905,1
125,0,0,3,5,0,1,3.124898741880176,1
107,1,1,1,0,0,0,3.191752887102159,0
148,0,0,4,3,0,1,1.5357282405210575,0
153,1,1,8,4,2,0,4.298397925401664,1
106,0,0,3,11,0,1,4.79736091477706,1
133,1,0,2,10,2,0,1.0885625648907578,0
196,0,0,9,2,4,0,0.44076079068322227,0
79,1,1,5,12,2,1,0.9726751658424204,1
102,0,0,7,8,4,0,4.102760696278594,1
12,1,1,2,0,4,1,3.3832231740992373,1
157,0,1,9,5,2,1,3.180236711695633,1
196,0,1,9,5,1,0,2.0089656755471226,1
173,1,1,4,9,3,1,2.8891398575571787,1
156,1,1,4,4,0,0,1.539370626371837,0
99,0,1,6,11,3,0,2.3860003970898065,1
156,1,1,6,14,0,0,3.9653151418532797,1
157,0,1,1,4,0,0,4.906207987277311,1
105,0,1,9,9,4,0,4.662444617949009,1
61,0,0,2,13,0,0,4.669329714231244,0
170,1,0,5,12,0,0,2.011118674235562,0
177,0,0,9,4,2,0,2.343949402533955,0
137,0,0,4,5,3,1,3.528176981844908,1
48,1,0,3,7,2,1,4.6109596402564215,0
91,1,1,7,1,0,0,0.7099712967604233,0
113,1,1,6,5,4,1,1.5212093191359788,1
138,1,1,8,0,2,1,0.6962342229705476,1
20,0,1,3,3,2,1,3.0600426497972766,1
194,0,1,5,13,1,1,1.5315049844376878,1
187,0,1,4,9,0,1,1.6305392625628672,1
160,0,1,4,2,4,1,0.3545797974398962,1
168,1,0,4,8,2,0,1.7489803090379596,0
51,0,0,8,2,2,1,4.312482537007927,1
108,0,0,6,14,4,1,1.1653640594541748,1
16,1,0,3,5,0,1,3.4759373310503285,0
153,0,1,5,0,1,1,3.1481417246929633,1
99,0,1,6,11,2,0,4.317423041845577,1
121,0,1,5,5,1,0,0.6614397382551912,1
69,0,0,6,3,3,0,4.887949801725216,0
122,0,1,8,7,0,0,2.913143230201828,1
11,0,1,7,12,3,1,4.977370761734072,1
138,1,1,5,10,3,0,4.557573629329254,1
57,1,0,6,8,3,0,1.107586360565529,0
149,0,1,4,3,0,0,0.2808100495165655,0
46,0,0,9,9,0,0,1.2781954689768078,0
169,1,0,4,11,4,1,2.6378182449970993,1
18,0,0,1,9,1,0,0.85798183532595,0
108,0,0,7,5,1,1,0.8372987225899425,1
156,0,1,7,0,4,0,2.3129677355257656,1
57,1,0,4,3,4,1,0.16633985584679212,0
140,0,0,3,6,3,1,0.6094404126613523,1
157,1,1,8,11,4,0,2.079306697039738,1
161,0,1,5,14,2,0,0.3156495460398323,1
63,1,0,7,0,1,0,1.9837752822776467,0
129,1,1,4,7,4,0,2.3700313297422255,1
170,0,0,4,11,2,1,2.256333070365572,1
161,1,0,8,9,2,1,4.3458742870154365,1
125,0,0,8,11,2,0,2.650312275258662,0
84,1,0,2,10,2,0,2.3399023123902167,0
122,0,1,2,5,3,1,2.053546226958331,1
173,0,0,3,4,2,0,4.08811689152243,0
175,1,1,3,9,3,1,4.475283019999166,1
113,0,1,1,10,3,0,4.266212345985588,1
93,0,1,3,14,2,1,3.367732890656954,1
121,1,1,6,13,1,1,0.6868087298433712,1
108,0,0,8,8,2,1,1.3843498474600613,1
162,0,1,6,1,2,1,0.23031531840988717,1
102,1,0,5,4,2,1,4.654120374950571,1
155,1,1,4,5,1,0,3.303992648454552,0
137,0,1,3,6,0,1,3.7318144215662077,1
119,0,0,4,4,0,0,1.5578586979111448,0
91,1,0,7,8,3,1,4.228267611386712,1
63,1,0,1,0,3,1,1.2980164185423926,0
172,0,1,7,6,1,0,0.00821878556224842,1
198,1,1,1,9,4,0,1.8820748126034696,1
178,0,0,2,6,0,0,2.853807404795367,0
170,0,0,4,3,3,0,2.393524289827613,0
77,0,0,1,8,0,1,4.310380712882985,1
42,0,0,9,13,1,0,0.5270264297808347,0
151,0,1,6,11,1,1,2.7691172031686277,1
30,1,0,1,10,4,0,2.564896749104537,0
57,1,0,1,4,4,0,1.406964910860815,0
157,1,0,6,3,1,1,4.111140562885053,1
137,1,0,4,12,3,1,3.7642432794110317,1
145,0,1,4,6,0,0,3.6642959366591548,1
144,0,0,6,3,2,1,4.38096239134778,1
154,0,1,7,14,4,1,3.613923003107606,1
137,0,0,9,2,2,1,1.1592064585736321,1
42,1,0,5,8,3,1,3.5278135582484555,1
185,0,1,9,10,4,1,1.5385140669492192,1
196,0,0,4,7,2,1,1.2108732517373526,1
124,1,1,2,0,3,1,0.3650179644981366,1
128,1,1,3,6,0,1,3.7201429017383836,1
31,1,0,1,8,3,0,3.555004809749056,0
167,1,1,6,7,4,1,1.1724973883704686,1
47,0,1,6,7,1,0,3.74689508362078,1
118,0,1,1,12,0,1,4.589204415467766,1
60,1,1,3,5,2,1,0.5401447874578963,0
191,0,1,5,10,4,1,1.1631831919338746,1
17,0,1,3,3,1,1,3.7513039704365774,1
36,0,1,3,7,3,0,1.3725333675353912,1
36,1,1,3,2,1,0,3.123319871418584,0
30,0,0,5,12,4,1,0.4058211223185726,1
39,1,0,5,8,4,0,2.2610123955176937,0
106,0,1,4,12,1,1,3.6954571099647655,1
37,0,0,1,1,3,1,3.4325697152162626,1
120,0,1,5,1,1,0,4.075360503379034,1
70,1,1,5,11,4,0,4.387260633015845,1
57,0,0,4,12,4,1,3.8659175062937914,1
156,1,1,6,14,2,1,3.35793871469463,1
13,1,1,4,11,2,0,0.15861245908015575,0
44,1,1,7,6,0,1,2.67483336704722,1
58,0,1,7,11,4,0,0.18848862457426396,1
26,0,0,2,9,2,1,4.040339085580113,1
181,0,1,3,3,1,1,1.6036226222997878,1
167,0,1,1,9,3,0,2.8121468705896047,1
55,1,1,8,7,1,0,1.3972265365945131,0
126,1,0,9,8,3,0,3.912500721901468,1
15,1,1,4,6,2,1,4.432512633209512,1
108,0,0,6,4,0,1,1.9932124710653198,1
133,1,0,9,7,1,1,4.314611967554945,1
46,0,1,6,3,1,1,1.335375037281662,1
33,1,1,9,1,1,0,2.673304615377619,0
102,0,0,4,10,3,1,4.29380714919352,1
55,0,1,8,14,2,1,1.6294067130789518,1
190,1,0,9,11,1,1,4.770211325390429,1
104,1,0,4,5,1,0,0.6093975089069181,0
108,1,1,5,8,0,1,0.09137534861753116,1
197,1,1,8,0,0,1,4.520676762890953,1
125,0,0,6,10,2,0,0.3432433307393612,0
169,1,0,7,9,2,1,4.959445979737459,1
170,1,0,3,11,4,1,4.756984309895531,1
76,1,0,7,6,0,0,0.6851045501816033,0
137,0,1,8,9,4,1,2.6879231284628293,1
27,0,1,6,8,3,1,0.9246014873357217,1
34,1,1,9,9,4,1,2.1407758651505993,1
63,0,1,6,8,1,0,0.3071256462991634,1
67,1,1,9,9,4,1,1.1196229389829475,1
76,0,0,4,10,2,1,1.8163639819944977,1
113,0,1,8,12,3,0,2.193237501230274,1
183,0,1,4,2,1,0,4.887481291044466,1
33,0,1,2,10,4,1,4.039328228419906,1
123,1,1,9,12,3,1,3.687049721559731,1
41,1,1,5,4,3,1,2.685206573709871,1
184,1,0,4,7,1,1,4.199988803021717,1
95,0,0,2,7,4,0,1.6966141782785553,0
160,1,0,1,3,3,1,3.5444955638665805,1
136,1,1,7,14,3,0,4.96891987689086,1
164,1,0,6,14,0,0,1.573144544675994,0
139,0,0,2,11,3,1,3.3700876744198367,1
26,0,1,8,10,0,1,4.2215743207619125,1
113,0,1,4,10,4,0,4.579037916753361,1
170,1,1,8,0,4,0,3.589663454700509,1
146,1,0,7,0,4,1,1.4180396170856813,1
52,1,0,5,14,2,0,1.6314107578447323,0
185,0,1,8,3,4,1,0.10379016061982105,1
48,0,1,9,5,3,1,3.8044298883575483,1
179,1,0,5,7,1,0,0.21369803030975687,0
35,0,0,5,5,0,0,4.323261773013728,0
108,0,1,2,11,2,1,0.593303072372694,1
59,0,1,5,8,4,0,0.8593825606796213,1
162,0,0,3,14,4,1,2.3826323541611867,1
161,1,1,7,14,1,1,3.689402075843712,1
22,0,0,5,8,1,1,0.6950110259953884,1
69,0,0,8,13,2,0,2.2003553753324923,0
144,0,0,1,1,0,1,2.4142563720505237,0
66,0,0,3,9,4,1,1.0614282083429565,1
45,1,1,3,0,2,1,0.5777918834031587,0
182,1,1,9,1,3,1,4.182104614928198,1
29,0,0,5,4,3,1,2.5123282488138274,1
74,0,0,9,3,2,1,0.07190617992076487,0
17,0,0,9,3,4,1,4.014906506545519,1
153,0,0,1,8,2,1,4.903969027072924,1
151,0,0,2,10,4,1,3.0296309770712364,1
124,0,1,5,7,1,1,2.5185419354203535,1
152,1,1,4,5,2,1,4.392079315224809,1
101,0,1,9,0,4,0,4.762583948422993,1
107,1,1,7,1,2,1,3.7726845795123025,1
75,1,0,6,5,2,1,2.227264648671439,0
41,0,0,7,10,4,1,2.961106996657202,1
95,1,0,1,1,4,0,3.5046768250899962,0
60,1,0,1,14,0,1,0.9713678550090071,0
162,1,0,8,12,2,0,2.2360051610821903,0
195,1,1,2,9,3,1,4.149106323586425,1
72,1,0,9,4,2,1,3.273626742492215,0
199,1,1,7,13,2,0,2.0560203360592704,1
134,0,1,6,4,4,1,3.316812670073407,1
159,1,1,1,5,2,0,0.5911120603622994,0
67,1,1,1,5,2,0,2.0074880528243817,0
67,1,0,2,13,3,1,3.965642689815282,1
95,0,1,6,5,4,1,1.10254393568324,1
58,1,1,6,13,2,1,0.9298075377870885,1
189,0,1,2,1,1,1,4.754093299582157,1
179,1,0,1,13,0,0,1.0494881479311535,0
79,0,0,5,9,3,0,1.3045928982508403,1
24,0,0,5,13,2,1,4.84807969452169,1
63,1,1,2,12,1,0,3.6735428513251285,0
197,1,1,6,14,2,0,3.497982665117641,1
110,0,0,9,13,2,1,4.264631919272906,1
17,1,1,2,2,4,0,0.5791154111839714,0
62,0,0,2,13,4,0,3.529781182900036,0
69,0,0,3,5,4,1,2.5184430466411944,0
117,0,1,7,12,1,0,4.1457532014207,1
14,0,1,6,7,2,1,2.5407085933259714,1
112,0,1,8,11,0,0,3.1012067713445606,1
15,1,1,8,12,3,1,2.3887106319976796,1
118,0,0,6,10,4,0,2.3907946177792203,1
125,0,0,3,11,4,0,3.8398498903091576,1
103,1,0,3,0,2,1,3.142832003236416,0
56,0,0,1,0,2,1,3.166316008047052,0
108,1,0,7,10,1,1,2.251412419157629,1
64,1,1,5,12,1,1,2.6555474816876377,1
177,1,0,4,1,4,0,3.7285883310239365,0
61,0,0,4,10,2,0,4.129704595559591,0
153,0,0,4,14,0,0,3.4828070107202307,0
22,0,1,6,11,3,1,4.620364944228416,1
123,1,1,8,11,2,0,4.101620440736005,1
133,0,1,8,5,2,0,2.8093189490475923,1
115,1,1,5,8,1,1,3.3570303632186844,1
167,0,0,6,3,3,1,4.63154138460598,1
156,1,0,4,2,4,0,3.095840221215292,0
154,0,1,9,11,2,1,4.1240347398991535,1
129,0,1,8,7,4,0,3.4440525179499355,1
72,0,0,1,10,2,0,2.7596818053023324,0
28,1,0,2,9,4,1,1.2091909770767657,0
101,1,1,9,13,3,0,2.1299875973421405,1
67,0,1,8,8,1,1,4.838714124168578,1
192,0,1,3,11,3,1,3.288826916363,1
99,1,1,8,10,0,0,2.8219769016949483,1
126,1,0,1,4,1,0,4.664783127641137,0
71,1,0,4,8,3,0,2.9325589051872436,0
32,0,0,3,1,0,1,2.6304125920870147,0
136,1,1,6,2,2,0,3.796554275751026,1
146,0,1,7,6,2,1,3.5633280949327224,1
149,1,0,4,6,4,1,0.9658000420421636,1
138,0,0,7,5,1,0,2.356541372870606,0
67,1,0,9,5,2,1,2.362577214097926,0
131,1,0,2,1,1,0,1.8911225762167239,0
10,1,1,3,9,2,0,2.5864674107612657,0
43,1,0,5,5,4,0,2.065536988635721,0
105,1,0,3,3,3,0,0.9967274473559157,0
135,0,0,8,11,4,0,2.0618324363734053,1
127,1,0,8,2,0,0,0.361384737865883,0
57,1,0,8,12,2,0,2.878929313872058,0
98,1,0,9,10,0,1,4.26827274470556,1
126,0,0,4,12,0,0,3.626435421772776,0
138,1,1,5,1,1,1,1.8019702002705562,1
25,0,1,5,0,2,1,0.43535602788654093,1
198,1,1,8,10,0,1,1.0107469961263538,1
78,1,1,7,10,3,0,2.7274517024741787,1
31,0,0,9,4,0,1,1.0352854169151642,0
102,1,1,8,1,3,1,2.7198655564248373,1
85,0,1,2,1,1,0,1.1579951238194948,0
163,0,0,4,6,0,0,4.244619347380364,0
153,1,0,6,7,4,1,1.9863573642022985,1
188,0,1,2,12,1,0,1.2277531297224553,1
95,1,1,7,9,3,0,4.061630901235308,1
194,1,0,3,7,1,0,1.7141948240272535,0
38,0,1,3,13,0,0,0.5574384391939097,0
78,0,0,2,3,2,1,2.852047457018208,0
56,0,0,8,14,2,0,2.9078210221899434,0
103,0,0,6,13,3,0,3.573478376178671,1
199,1,0,1,0,3,0,1.2010971660419278,0
153,1,1,1,10,2,1,2.218856695461225,1
185,0,0,7,6,3,1,1.4118395952132812,1
94,1,0,8,0,1,0,0.4047686805784406,0
48,1,1,5,10,4,0,4.383069135079458,1
109,1,0,5,3,4,1,3.644349022441706,1
42,1,1,4,7,1,0,1.5073152972940034,0
110,0,1,6,1,4,0,2.9968649643599314,1
32,0,1,6,5,0,1,1.006318940672362,1
19,1,0,3,12,1,0,4.451183108978855,0
78,0,1,9,5,3,0,0.5745317168095515,1
109,0,1,7,11,1,1,0.019185727539004493,1
43,0,0,1,8,2,1,2.510040988695911,0
189,1,1,7,4,3,0,2.9156391172643463,1
147,1,1,5,9,2,1,2.894826601479022,1
156,1,1,5,3,3,0,0.27255963718913145,1
195,0,1,2,4,4,0,1.5702190345921623,1
105,1,1,4,11,1,0,2.495994734206659,0
10,1,0,6,11,0,1,1.0828959281362045,0
78,0,1,7,9,3,1,4.363129427429482,1
13,1,1,5,14,3,0,0.4355464473071702,1
25,1,0,9,10,2,0,2.4369222083602144,0
33,0,0,3,4,4,1,3.45708028756576,1
89,0,0,1,7,2,1,1.308755500672412,1
11,0,1,4,9,2,1,3.1212036849875906,1
137,1,0,9,11,4,0,4.146925750711873,1
169,1,1,4,7,0,1,0.9516848754752377,1
93,1,1,2,1,2,1,4.5861029591243145,1
161,0,0,5,6,2,0,2.76779266331179,0
149,0,0,3,7,3,0,1.4961600215053028,0
187,1,1,9,10,4,0,2.1542913769113534,1
172,1,0,4,5,1,1,1.5609594189319398,0
133,0,1,6,4,0,0,3.6255557996665804,1
42,0,0,2,10,0,0,3.981503317075661,0
170,0,0,6,8,4,0,4.164686961593305,1
198,0,0,3,12,3,0,4.928841247928705,1
188,1,1,9,2,3,1,3.9564214624834175,1
180,0,0,2,11,4,0,3.006920353442817,1
110,1,1,9,12,3,1,1.696101491958919,1
21,1,1,5,12,0,1,2.722977243553747,1
76,1,1,8,9,0,1,0.2053408639520271,1
74,0,1,2,3,1,0,3.7241253776495653,0
170,0,0,6,8,4,1,2.229777725460509,1
177,0,1,3,5,2,0,0.1001161486609381,0
83,0,1,5,7,2,0,0.31253470755205404,1
52,1,0,8,6,1,0,1.9373323191087832,0
53,0,1,1,10,1,1,2.917107595092175,1
38,0,0,5,1,3,0,2.3210197447606333,0
150,1,1,3,2,1,0,3.0960215864607745,0
21,0,0,4,0,1,0,2.401471293956779,0
104,1,1,2,8,2,1,3.308519227406734,1
55,1,0,9,12,3,1,1.0956303233540043,1
139,1,1,3,6,1,1,0.564215935918107,1
44,1,1,2,0,1,0,2.9821697731283,0
90,1,0,9,2,3,1,2.4234475846815373,1
99,1,0,7,3,4,0,0.13433827022467648,0
17,1,0,6,3,3,0,1.9024094274651793,0
102,1,0,1,4,2,1,0.5306279274549774,0
163,0,1,5,13,4,0,2.656784158763476,1
99,0,1,3,2,0,1,1.978888398302154,1
171,0,0,1,2,3,0,3.06575955551509,0
124,0,1,4,0,2,1,4.028011093851191,1
114,1,0,2,6,4,0,1.498343419207454,0
144,0,0,2,10,3,0,4.8105105208251375,1
67,1,1,3,9,1,0,2.6781725029378722,0
123,0,1,8,13,3,0,3.09145399377394,1
84,0,1,8,0,0,0,3.403361866128685,1
166,0,1,7,1,3,1,3.333657649287949,1
129,1,1,6,12,4,0,2.5548537152253106,1
173,0,1,9,3,4,1,2.1438214555734176,1
30,1,1,4,12,3,1,0.26890982088688953,1
173,1,0,1,3,4,1,0.1104292265058987,0
147,0,0,8,4,1,0,1.7898059726638231,0
110,0,0,7,10,3,0,1.6683044531684632,1
161,0,0,7,1,1,0,1.9384757741950338,0
186,1,0,3,3,1,1,0.6918410044409501,0
108,0,1,4,0,2,0,3.690841352684218,1
45,1,0,9,1,3,0,4.284822073881195,0
105,1,0,6,0,4,1,4.693573176870175,1
161,0,0,5,9,1,1,2.461811517598129,1
160,0,0,3,9,2,1,3.504328495627143,1
199,1,0,9,12,3,1,4.277755617179363,1
46,1,0,5,3,3,1,2.0914555554674297,0
21,1,0,5,3,0,1,1.5470639743522219,0
122,0,1,4,6,0,0,4.68362277926745,1
192,1,1,4,9,1,1,2.5783827553853653,1
22,0,0,1,10,0,0,2.4862694329543897,0
32,1,1,7,10,1,0,0.8920804828174789,0
108,1,1,9,8,4,0,0.5407750728667837,1
114,0,1,3,8,1,1,4.2105343124175585,1
39,1,1,2,4,0,0,3.0706658809375904,0
26,0,0,3,9,4,1,1.6291229200972435,1
122,0,1,1,0,0,1,0.9586810869513324,1
71,1,1,6,0,1,0,2.777486400848157,0
93,0,1,7,5,2,1,2.9195964463056767,1
121,0,0,2,1,3,0,1.0349680062252908,0
95,1,0,8,7,0,0,4.25702873945737,0
150,0,0,6,12,1,1,0.42132183077925545,1
196,0,0,4,8,4,0,1.7804654258321084,0
28,0,0,5,12,0,0,3.4019220688126106,0
186,1,0,8,3,0,0,1.3706018190960034,0
109,0,0,3,4,3,1,4.138375973906359,1
149,1,1,3,10,1,0,3.6993391330020176,1
198,1,1,4,7,2,1,3.945114222740671,1
156,0,1,1,2,4,1,0.5955326793835813,1
85,0,0,9,4,1,0,0.7027356399777146,0
18,0,0,8,2,4,0,1.4323686887229181,0
37,1,0,8,11,0,1,2.5903858259878056,0
137,0,0,6,9,3,1,3.7400803834970118,1
61,0,0,7,2,3,0,4.182654453804517,0
92,0,1,6,2,2,0,3.521676579785902,1
120,0,1,9,12,3,1,4.642984407653191,1
153,0,0,3,11,0,1,3.6937175480796514,1
126,1,0,3,6,2,1,1.5313394350230736,0
78,1,0,3,14,1,1,1.325406421692863,0
108,0,0,3,6,3,1,3.4809622515054492,1
149,0,1,9,6,2,0,0.9643528434480714,1
34,0,0,4,9,0,1,0.46357405405134944,0
189,0,0,7,7,4,1,2.6611143742809693,1
132,1,0,9,4,4,0,4.108207848894777,0
62,0,0,7,4,0,0,0.5068992123493177,0
160,1,1,9,13,0,1,3.9594566189786464,1
153,1,0,3,3,4,1,4.05786002175774,1
66,0,0,4,6,2,0,2.4113700004077177,0
48,1,1,8,9,4,1,0.28655155005243405,1
118,1,1,6,3,0,1,0.872949256235932,1
190,1,1,5,14,3,0,3.5371313758096616,1
51,1,0,4,1,1,1,3.5588897249547475,0
195,0,0,8,3,3,0,4.4917763758383265,1
176,0,1,1,12,3,0,2.9134307327729143,1
151,1,1,9,12,0,0,0.620536838568887,1
131,0,1,1,7,4,0,0.6070745275248607,1
142,0,1,8,8,2,1,3.6056617867841183,1
172,0,1,4,2,3,0,0.9189233255395057,1
84,0,1,9,6,4,1,1.6419274980830267,1
155,0,0,5,13,2,1,2.4360600346095698,1
85,1,0,3,11,3,1,0.123824387880756,1
18,0,0,9,13,2,1,1.2440951350996592,1
83,0,1,9,8,4,1,2.0394480425364003,1
195,0,1,4,10,1,0,1.3981815924660312,1
154,0,1,4,3,4,0,0.6818516373378292,1
16,1,1,8,9,0,0,3.640061288980987,1
183,1,1,2,14,2,0,4.065738275839925,1
150,1,1,9,2,1,1,1.2873948807186242,1
177,1,0,6,4,2,0,3.8720974730315167,0
179,0,0,9,0,2,1,1.9277678220065693,1
146,1,1,8,2,3,1,2.533428954270014,1
187,0,0,7,14,0,0,4.280005374465764,1
36,0,1,1,7,2,0,3.7497684090120393,1
131,0,0,3,10,4,0,4.025584256580888,1
14,0,1,2,7,4,0,0.6842258329317841,1
38,0,1,5,14,3,1,0.3485971291686474,1
174,1,0,5,12,0,1,4.4670236454399355,1
175,1,0,5,3,0,0,1.9391713478554717,0
92,1,1,4,1,4,1,1.4393983903484042,1
145,1,1,5,12,1,1,3.6234812713091227,1
118,0,0,3,7,3,1,4.182077982899283,1
74,1,0,1,7,3,0,4.312448109491505,0
95,0,1,5,9,4,1,1.5799857056261368,1
154,1,0,9,3,4,0,4.26106195600837,0
80,0,1,9,2,1,0,0.20466972187172694,1
54,0,1,4,1,1,1,0.24830745729859438,1
141,1,1,3,8,0,1,3.1175959758707723,1
45,0,1,1,0,3,0,0.3155318455777312,0
79,0,0,2,6,3,1,1.6230458425508076,1
168,1,0,8,4,4,1,3.36377993123462,1
28,0,0,1,7,0,0,1.6863344802711318,0
198,1,0,8,3,3,0,0.8979989072004796,0
117,1,0,7,6,0,0,1.406753109269208,0
191,1,0,8,12,0,0,2.287876661252159,0
176,0,0,6,4,4,1,2.376929276777412,1
100,0,1,9,14,0,1,3.91500115673601,1
99,0,0,3,13,1,0,3.7507661471575626,0
28,1,0,4,4,1,0,2.284089022780676,0
48,0,1,6,13,2,0,4.228336745493857,1
135,1,0,8,8,4,1,0.5711856929569792,1
182,1,0,5,8,2,0,1.2767667511445073,0
150,0,1,3,12,1,1,4.139882317511257,1
135,1,0,6,8,2,0,1.8899701931307655,0
67,0,0,4,11,4,0,4.905907793969211,0
157,0,0,9,5,4,0,2.331266407639177,0
70,0,1,3,5,0,1,3.9596781148188205,1
136,0,0,4,4,3,1,2.0115352069118595,1
114,0,0,7,8,0,1,2.124767595312152,1
176,1,1,7,9,4,0,1.9144157364209176,1
10,1,0,4,7,1,1,3.5953781025540588,0
140,1,1,6,6,1,1,2.7375894202999724,1
101,0,1,3,6,0,0,4.7188905568418456,1
199,0,0,6,5,4,0,1.2544515826705238,0
122,0,1,2,4,1,1,0.5028136604172218,1
162,1,1,8,12,4,1,1.9663074254960762,1
65,0,0,2,3,1,1,3.08356353823388,0
170,1,1,7,2,4,1,4.303994684577475,1
175,1,1,9,2,2,0,1.7309844334016384,0
126,0,0,1,5,4,0,3.268933755622308,0
143,0,0,8,14,4,0,1.7509934051160951,1
67,1,0,7,3,0,1,3.0860979149722905,0
53,0,1,6,11,2,1,4.424039735153254,1
182,1,0,6,11,3,0,1.1567882112970451,0
169,0,1,6,5,0,0,2.021208210535196,1
182,0,1,9,2,3,1,4.966325982148732,1
70,1,1,2,14,1,1,4.342785141247304,1
56,0,1,1,3,3,0,2.8231992894810096,0
158,1,1,6,14,4,0,2.583137959271377,1
89,0,1,8,8,3,0,1.423001911523405,1
127,1,1,3,4,0,1,2.586047138467647,1
173,1,0,1,12,0,1,4.240907491399736,1
156,0,0,9,6,3,1,3.425872566388903,1
29,1,1,1,9,0,1,1.450220140889933,1
194,0,1,3,1,0,1,1.0073196052676647,1
155,0,0,8,13,3,1,1.3260426849841456,1
56,0,1,3,13,2,0,0.8487960069641326,0
58,1,0,4,4,2,0,0.4782034801185797,0
23,1,0,8,8,1,1,2.095680872210275,0
152,0,0,1,10,0,0,0.5664980219913385,0
168,0,1,6,2,3,1,0.8595627886355217,1
10,1,1,1,13,0,0,2.7366234216974306,0
126,0,0,1,8,4,1,0.8229963684978736,1
63,0,0,8,13,0,0,0.3193988371545142,0
127,1,0,4,10,0,0,1.586944250139426,0
12,0,0,1,14,2,1,1.1015954931098375,0
153,1,0,7,5,3,1,2.5765259399718836,1
194,0,1,5,3,0,0,0.5118354229160466,1
21,1,0,5,6,2,0,3.7588539384148905,0
83,0,1,1,7,1,1,4.531167597175693,1
25,0,0,6,5,2,0,3.717175869780972,0
111,1,1,9,4,2,1,2.664135187006971,1
161,0,1,9,5,2,1,4.303339108944425,1
165,1,1,8,4,0,0,3.4745918989075375,1
126,0,1,5,7,0,1,0.05275561225094927,1
17,1,1,1,0,1,0,1.9704507638725155,0
131,1,1,9,10,4,0,4.254759497034001,1
101,1,0,1,6,4,1,1.7292942898763464,1
173,1,1,8,14,4,0,0.1760758676276175,1
99,0,0,5,9,1,1,3.7308981927613614,1
145,0,1,3,9,4,1,4.010191351414343,1
195,1,1,7,10,4,1,0.8029684752165428,1
69,1,0,7,1,2,0,2.686702484215906,0
187,1,1,9,14,0,1,0.9597771949786288,1
37,0,0,7,13,0,0,3.5961720952207337,0
110,0,0,3,8,2,1,1.3577522758874283,1
50,0,0,1,0,2,1,1.5810756128166503,0
164,0,0,8,10,2,1,4.224854268200507,1
154,1,1,3,9,0,0,2.3816117610345215,0
170,1,1,8,5,4,0,3.348772256091239,1
166,1,0,8,8,2,1,2.0118652536123385,1
150,0,1,5,0,1,1,1.4900342859687772,1
55,0,1,1,3,2,0,3.127390302123307,0
44,0,0,7,3,3,0,0.7742878703941064,0
143,1,1,5,14,2,0,1.864999177834315,1
91,1,0,8,8,0,1,1.0451851869296114,1
124,0,0,9,10,2,0,3.4789748347037275,1
56,1,1,7,4,3,1,4.721044191730538,1
162,0,1,7,4,1,0,4.977554840079332,1
19,0,1,1,5,4,1,2.251384052207954,1
65,1,0,4,0,2,1,1.2626519481822225,0
39,0,0,2,0,3,1,2.2141468519216208,0
118,1,1,2,14,3,0,4.236347049813619,1
14,0,1,2,8,1,0,1.0300283927601994,0
128,1,1,4,2,0,0,4.760478258264619,0
42,1,1,1,3,2,1,1.709328843990755,0
127,1,0,4,0,3,1,4.929018297251525,1
74,0,1,2,8,1,0,4.193044437669811,1
155,0,0,5,14,4,1,4.042852670736952,1
186,1,0,3,7,3,1,1.5895233688664179,1
20,1,1,8,1,1,1,0.04388605973964732,1
94,0,1,4,7,0,0,1.910664544129939,1
35,0,1,1,14,0,1,1.5090468483134685,1
72,0,0,1,6,3,0,0.18698495204398646,0
95,1,1,3,10,3,0,2.5268262825296484,1
68,0,1,9,5,2,0,2.0151565564136833,0
36,0,0,7,0,1,0,3.1727823387076235,0
186,1,1,2,14,3,0,3.105931610970416,1
170,0,0,9,6,2,1,0.6037331794834006,1
107,0,1,2,9,2,0,4.884827730633113,1
114,0,0,3,6,3,0,0.9346571472072346,0
108,1,1,2,12,0,0,2.2263701238235227,0
138,1,1,3,13,1,1,2.4405877171686745,1
158,1,0,6,8,1,1,4.065313986070601,1
64,1,0,9,0,0,1,0.49614798047323383,0
15,1,1,9,1,3,1,2.1432213960426587,1
104,1,0,7,10,1,0,3.1425108511810196,0
142,1,0,3,8,3,0,1.0757781081202777,0
111,0,0,4,12,3,1,3.137339493830364,1
12,0,0,6,8,2,1,4.6183241877482635,1
190,1,1,5,12,0,1,4.987590655863375,1
32,0,1,2,5,3,1,0.16225538395337857,1
62,0,0,6,5,4,0,1.1779411412233876,0
174,1,0,3,3,0,1,1.5515355789584873,0
92,0,0,8,3,1,1,1.9956305022248304,1
154,0,0,2,4,2,1,1.211285787923837,0
94,0,1,1,2,1,1,1.0174399727765626,1
87,0,1,9,0,1,1,4.7727692120875,1
119,0,0,3,14,0,1,4.5926080138525895,1
10,1,0,1,0,1,1,0.23496250501558735,0
60,1,0,7,11,3,0,1.6940651080242408,0
182,1,1,5,14,1,0,2.0257427683920333,1
13,0,0,5,12,2,0,1.1950726733297168,0
199,1,1,1,6,2,0,3.1443644849408776,1
122,0,0,9,0,4,0,3.2019037332212053,1
41,0,1,7,0,2,0,4.252521141642985,1
43,0,0,8,2,1,1,3.7043463419260894,1
101,0,1,9,9,2,1,2.712866634829778,1
104,1,0,6,14,0,0,3.2679338502220996,0
81,1,0,5,3,2,1,1.3699439077150903,0
48,0,0,6,3,3,0,2.9652809498367882,0
163,1,1,2,1,0,1,2.4461362737495964,1
171,0,0,4,0,4,1,0.666722336581852,1
191,1,1,3,2,3,1,1.2127213829148538,1
127,1,1,7,10,1,1,1.4584672536079302,1
12,0,0,9,3,1,1,4.62154783526279,1
132,1,0,5,2,1,1,1.151933196929447,0
59,0,0,6,7,3,0,1.446219514098341,0
21,1,1,2,13,3,0,1.8467706504471615,0
63,0,0,3,9,3,1,3.318713693126935,1
142,0,1,3,0,0,0,0.5911919623607026,0
66,1,1,9,13,0,1,4.76972606246888,1
154,1,0,7,1,1,0,4.327856100473823,0
121,0,0,8,12,2,1,2.8860803650447506,1
56,1,0,9,6,1,0,3.370189337124784,0
160,1,0,6,3,4,1,0.08330235622107995,1
94,0,0,4,7,0,0,1.6947238767422435,0
151,0,0,1,10,3,1,3.9783011533072097,1
75,1,1,8,12,0,0,0.38741486896192945,0
84,0,1,7,2,3,1,1.4115691710536011,1
188,0,1,2,5,4,1,2.9264841416715566,1
112,0,0,8,8,4,1,1.282065138494709,1
175,1,1,5,0,0,0,4.669889870722596,1
47,1,1,7,0,3,0,0.6552931540214518,0
59,0,1,4,7,4,0,3.986971789538893,1
107,1,1,5,2,1,1,2.5397434595320414,1
91,0,1,8,4,1,0,3.7516538790997798,1
39,1,0,1,0,3,1,1.5535766415572372,0
88,0,0,1,4,0,0,2.5724480115601938,0
100,0,1,4,10,4,0,4.284176748615882,1
188,1,1,3,5,0,0,2.334390495615522,0
61,0,1,2,7,1,0,1.798599309551348,0
175,1,0,3,12,4,1,2.68077693126368,1
88,1,0,1,13,0,0,3.5868137651818346,0
39,0,1,1,2,2,0,2.217816727492514,0
115,0,0,6,2,3,1,4.694384875711365,1
60,1,0,5,11,3,1,1.4747291202117103,1
90,0,1,8,10,2,0,2.3773180308456023,1
142,0,0,2,10,1,0,3.7846382967072074,0
38,0,0,4,9,4,1,3.445605452478791,1
141,0,1,8,8,3,1,4.3182052620857805,1
147,0,0,6,3,2,1,4.984045903405544,1
193,1,0,1,14,2,0,2.134291643975448,0
154,1,1,4,3,1,0,0.5557543989165592,0
83,0,0,1,11,1,0,0.15207940403983988,0
26,0,0,2,6,0,1,3.634384530698858,1
93,0,1,5,1,3,1,4.3700683565435785,1
78,1,1,8,7,0,1,1.1035629297220932,1
43,0,1,8,5,2,0,0.7922401859495298,0
15,1,0,3,2,4,1,0.3110254576284549,0
62,1,1,4,8,4,0,4.113514608586032,1
135,1,0,6,4,1,1,1.5569096994629217,0
52,0,1,3,7,4,0,2.0084844637988826,1
124,1,0,2,6,4,0,2.5137509580480617,0
120,0,1,6,13,4,1,4.197266171047754,1
160,1,1,5,7,2,0,3.254166107807425,1
192,0,1,5,6,4,1,3.0753231492890567,1
89,1,1,5,2,4,0,0.8783604997795535,1
104,0,0,5,1,4,1,2.5659494585491487,1
127,1,1,3,6,0,1,3.576905085893276,1
153,0,1,7,2,2,0,4.866304415152459,1
17,0,0,6,2,1,1,1.0070315460667612,0
141,0,1,4,1,0,0,0.04771676533613323,0
113,0,0,2,3,3,1,0.37650716799234873,1
141,1,1,9,7,2,1,1.8792623259098962,1
193,1,1,1,11,2,1,4.1027232387299355,1
34,0,1,4,0,3,1,0.03571040884122523,1
105,1,0,1,0,3,0,2.2836529644292014,0
164,0,1,6,11,3,1,1.6461530767069728,1
102,0,1,4,13,1,1,0.26240855049863787,1
169,1,1,5,4,4,0,2.2511814333630866,1
187,0,0,5,10,2,0,1.273743536683594,0
70,0,0,9,4,4,0,1.7594241717350323,0
131,1,1,1,10,4,0,3.528076523921465,1
60,0,0,2,11,3,0,2.6077549195548357,0
156,0,1,6,0,1,0,0.6232371449640667,1
30,0,1,5,5,0,1,4.807072702118195,1
14,0,1,7,0,1,0,3.1795538285486917,1
101,1,1,3,4,4,1,3.829342128312658,1
179,1,1,3,8,1,0,0.39606575004185407,0
70,1,1,2,11,3,1,0.23529189730009448,1
31,0,1,3,13,0,1,0.09724025184040586,1
158,0,0,1,4,3,1,0.9439701388672223,1
79,1,0,5,5,0,0,2.072041988592476,0
10,0,0,5,7,4,0,4.679130667014114,1
142,0,0,7,10,0,0,2.2852982963288815,0
21,0,0,4,0,0,0,1.4512755268626472,0
99,0,0,3,13,0,1,2.8096762675983165,1
55,1,0,1,1,1,0,0.5596728906739462,0
43,1,1,8,8,1,1,3.047529455024916,1
186,1,1,3,2,4,1,2.8421597716525167,1
87,0,1,2,5,0,0,3.9599651670285487,1
54,1,1,4,4,2,0,4.9334380580851205,0
164,1,0,3,10,4,0,1.2543673585805526,0
82,0,0,1,1,0,1,2.5482822540188033,0
35,0,1,3,13,0,0,4.544327031595018,1
56,1,1,2,14,1,1,3.925949422114207,1
130,1,0,8,6,4,0,2.437031515504038,0
65,1,1,6,3,0,1,4.726858248073889,1
103,1,1,9,0,0,0,0.2861834675840469,0
116,0,1,8,12,4,0,4.65499309856292,1
72,1,1,3,3,2,1,0.25253696191403274,0
57,1,0,5,5,4,0,2.7365237205734214,0
70,0,1,7,6,4,0,4.4522047400054285,1
90,1,1,5,14,2,0,1.313604717806514,1
35,0,0,8,6,4,0,2.3612424947257926,0
45,0,0,5,13,0,0,1.6216443956848332,0
10,0,1,1,6,4,0,4.760719585381757,1
17,1,0,5,2,2,0,4.118227973765454,0
122,1,1,4,5,3,1,3.545007556631898,1
108,0,1,6,12,4,1,2.9381349330755437,1
189,1,0,3,7,1,0,4.10295894662074,0
56,1,1,5,3,0,0,1.9613352076177355,0
136,0,1,2,12,0,0,2.2377592755303093,1
65,0,1,6,7,1,1,3.6500086054043073,1
23,1,1,6,1,1,1,1.7887738164685714,1
37,0,0,5,14,4,0,0.3195047102418691,0
87,1,0,6,9,1,1,0.3716730444303573,1
139,1,1,7,8,3,0,0.5768140065285193,1
118,1,0,5,8,2,0,4.3484066167183135,0
163,1,1,1,7,1,0,2.361132128781022,0
23,0,1,8,9,1,0,3.5644118467236825,1
196,0,1,4,13,3,1,1.9645466780244663,1
65,0,1,9,12,0,1,1.2935547370781726,1
124,0,1,6,9,0,0,1.7359608378110596,1
16,1,0,1,0,4,1,3.9709117265859177,0
12,1,1,3,1,3,1,3.126080625157191,1
120,0,0,3,5,2,0,4.68819889978951,0
160,1,0,4,9,2,1,3.39852389288417,1
116,1,1,6,4,3,0,2.8509081587734695,1
27,1,1,7,11,2,0,3.0509800449291724,1
47,0,1,4,13,0,0,4.7118571973420735,1
124,0,1,6,8,2,0,3.9410046493335305,1
24,0,1,1,4,2,1,0.12020618683218909,1
128,1,0,8,1,3,0,2.670698480678486,0
37,0,1,7,9,3,1,3.441692057732824,1
48,0,1,9,3,2,0,3.7434923921957752,1
194,0,0,3,8,1,0,1.0657105965696834,0
26,0,0,2,0,3,1,4.335886772256761,1
95,0,1,1,10,4,0,4.779215735875819,1
135,0,0,3,0,4,1,1.1835765292243488,1
53,1,1,5,11,0,1,4.413077287586229,1
34,1,0,2,6,2,0,0.4848938125804769,0
154,0,0,3,10,1,0,0.2785341805762259,0
22,0,1,4,2,0,0,0.6461190005137468,0
34,1,0,7,9,2,0,0.28870539733517997,0
77,1,0,3,1,3,0,4.22506118577888,0
147,0,0,9,8,4,0,0.29525072229135974,1
76,0,0,8,2,1,1,1.3583209568182775,1
118,0,0,4,1,4,1,0.5187817176792819,1
155,0,0,1,11,3,0,1.4771101815688248,0
120,1,1,1,7,2,1,0.4527973380046024,1
120,0,1,1,9,3,1,3.34001625371507,1
43,0,0,1,5,3,0,0.6666340817128757,0
120,0,1,8,5,4,0,4.259229629194439,1
17,0,1,3,9,1,1,4.085955253633205,1
177,1,1,6,10,3,0,0.0683084273530471,1
122,1,0,3,6,4,1,4.478631777575573,1
92,1,1,5,6,1,0,0.1447215837168353,1
51,0,0,7,10,2,1,1.198228924787783,1
178,0,1,2,12,2,1,0.1619456888799753,1
110,1,0,6,14,0,1,1.67921743519658,1
15,0,0,6,5,4,1,2.5693326285663582,1
189,0,1,3,3,1,0,3.9832243450756906,1
35,1,1,6,10,3,0,1.6899077523491806,1
73,1,0,5,8,2,1,3.5274501233655835,1
196,1,1,2,5,1,1,0.9375222855949017,1
193,1,1,9,3,4,0,3.7529922837206318,1
68,0,1,8,11,0,0,1.1799830295461877,1
118,0,0,3,2,2,1,0.7177237797188396,0
130,1,0,8,3,1,1,0.9270442518702715,0
42,0,1,9,2,1,1,0.9103156444092769,1
190,1,1,3,14,1,1,2.5643143968849555,1
159,1,1,3,1,4,1,4.223987905940731,1
30,0,0,2,13,4,0,0.39802538496252815,0
79,1,0,8,4,4,1,3.5347815924671133,1
121,0,1,1,1,3,0,3.271732298264288,1
13,0,1,8,5,1,0,4.3625997591468115,1
103,0,1,7,2,2,0,1.2207378025345361,1
84,0,1,7,5,4,1,2.250549293425148,1
199,1,1,3,14,4,0,4.629136872217587,1
71,0,1,1,10,1,0,3.299967250676586,1
103,1,0,4,9,4,0,1.9438420643079846,0
104,1,1,9,8,3,0,0.6570619142763423,1
161,1,0,5,0,3,1,1.3124250395029553,1
64,1,1,1,5,4,1,2.9060773874469166,1
146,0,1,5,8,1,0,3.5908397378025687,1
140,0,0,8,10,1,0,0.6221094342594674,0
40,1,0,8,3,1,1,2.99798630022027,0
49,1,0,5,10,0,1,2.7517563941937553,0
45,0,0,9,11,4,1,2.5697772334535403,1
161,1,1,1,1,1,0,3.45061558841004,0
15,0,0,4,12,3,1,4.187247975417309,1
75,1,1,3,3,2,0,1.614948415884342,0
84,0,0,2,0,2,0,4.445060950554797,0
13,1,1,8,2,1,1,0.8031680630927535,1
88,1,1,7,9,2,0,0.8651193487558217,1
143,0,1,9,8,2,1,1.3338603181196196,1
127,1,1,2,9,0,0,0.5976543477353891,0
122,1,1,4,4,3,1,1.1515961234143879,1
103,0,1,6,14,3,0,0.532058814514223,1
188,1,0,3,10,0,0,4.108762084926952,0
71,0,1,8,5,0,1,0.694844959433123,1
